delta,n
2.2880999772,2
3.8061136226,3
5.3307970175,4
6.5504740806,5
8.220019408,6
