delta,n
2.2880999772,1
3.8061136226,2
5.3307970175,3
6.5504740806,4
8.220019408,5
