n,lambda,deltatheta
2,589.3,0.79325
2,589.3,0.78905
1,589.3,0.36565
